{
  "project_info": {
    "project_number": "323081785737",
    "firebase_url": "https://is-213.firebaseio.com",
    "project_id": "is-213",
    "storage_bucket": "is-213.appspot.com"
  },
  "client": [
    {
      "client_info": {
        "mobilesdk_app_id": "1:323081785737:android:13c3c6a65bcbec53",
        "android_client_info": {
          "package_name": "com.example.myapplication"
        }
      },
      "oauth_client": [
        {
          "client_id": "323081785737-stpj322tkd2a2liatqovspphl8bm5ior.apps.googleusercontent.com",
          "client_type": 1,
          "android_info": {
            "package_name": "com.example.myapplication",
            "certificate_hash": "dd6a7ddf7e24e763a76438ae36efa325f048da5c"
          }
        },
        {
          "client_id": "323081785737-grtlci3sq2o0qc7s5bur4amr853b4rtk.apps.googleusercontent.com",
          "client_type": 3
        }
      ],
      "api_key": [
        {
          "current_key": "AIzaSyDGILhxNdOhkwKVCM1FnuuBIEqgODKnKVs"
        }
      ],
      "services": {
        "analytics_service": {
          "status": 1
        },
        "appinvite_service": {
          "status": 2,
          "other_platform_oauth_client": [
            {
              "client_id": "323081785737-grtlci3sq2o0qc7s5bur4amr853b4rtk.apps.googleusercontent.com",
              "client_type": 3
            }
          ]
        },
        "ads_service": {
          "status": 2
        }
      }
    }
  ],
  "configuration_version": "1"
}